;Age;Sex;Job;Housing;Saving accounts;Checking account;Credit amount;Duration;Purpose;Risk
0;67;male;2;own;little;little;1169;6;radio/TV;good
1;22;female;2;own;little;moderate;5951;48;radio/TV;bad
2;49;male;1;own;little;little;2096;12;education;good
3;45;male;2;free;little;moderate;7882;42;furniture/equipment;good
4;53;male;2;free;little;little;4870;24;car;bad
5;35;male;1;free;little;moderate;9055;36;education;good
6;53;male;2;own;quite rich;little;2835;24;furniture/equipment;good
7;35;male;3;rent;little;moderate;6948;36;car;good
8;61;male;1;own;rich;little;3059;12;radio/TV;good
9;28;male;3;own;little;moderate;5234;30;car;bad
10;25;female;2;rent;little;moderate;1295;12;car;bad
11;24;female;2;rent;little;little;4308;48;business;bad
12;22;female;2;own;little;moderate;1567;12;radio/TV;good
13;60;male;1;own;little;little;1199;24;car;bad
14;45;male;0;free;little;little;1199;23;gambling;bad
15;48;female;1;rent;little;moderate;1199;22;gambling;bad
16;51;male;1;rent;little;moderate;1215;21;gambling;bad
17;54;male;0;free;little;moderate;1231;24;gambling;bad
18;57;male;0;rent;little;moderate;1247;36;gambling;bad
19;60;male;1;own;little;little;1263;12;gambling;bad
20;39;male;1;free;moderate;moderate;1279;12;gambling;bad
21;34;male;0;rent;little;little;1295;32;gambling;bad
22;39;male;0;free;moderate;moderate;1311;11;gambling;bad
23;32;male;1;rent;little;moderate;1327;12;gambling;bad
24;33;female;0;rent;moderate;moderate;1343;24;gambling;bad
25;35;male;1;free;moderate;moderate;1359;23;gambling;bad
26;42;male;1;own;moderate;moderate;1001;34;gambling;bad
27;45;male;2;own;quite rich;moderate;9012;45;gambling;good
28;48;male;0;free;little;moderate;1022;50;gambling;bad
29;51;male;1;free;little;little;1039;11;gambling;bad
30;54;female;1;free;moderate;little;1056;17;gambling;bad
31;57;male;0;rent;little;moderate;1073;45;gambling;bad
32;60;male;0;rent;little;little;1090;32;gambling;bad
33;63;female;1;free;little;moderate;1107;31;gambling;bad
34;66;male;1;rent;little;little;1124;27;gambling;bad
35;69;male;0;own;little;moderate;1141;32;gambling;bad
36;72;female;1;free;moderate;little;1158;39;gambling;bad
37;56;male;1;rent;little;little;1175;23;gambling;bad
38;58;male;0;free;moderate;moderate;1192;37;gambling;bad
39;60;female;2;rent;quite rich;rich;8222;45;gambling;good
40;62;female;1;rent;little;little;2322;35;gambling;bad
41;64;male;1;free;moderate;little;2344;15;gambling;bad
42;66;male;0;rent;moderate;little;2366;31;gambling;bad
43;68;female;0;own;moderate;little;2388;34;gambling;bad
44;70;female;1;free;little;moderate;2410;24;gambling;bad
45;72;female;1;rent;little;moderate;2432;26;gambling;bad
46;28;female;2;free;little;little;1403;15;car;good
47;32;female;1;rent;moderate;little;1282;24;radio/TV;bad
48;53;male;2;own;moderate;little;2424;24;radio/TV;good
49;25;male;2;own;moderate;little;8072;30;business;good
50;44;female;3;free;little;moderate;12579;24;car;bad
51;31;male;2;own;quite rich;little;3430;24;radio/TV;good
52;48;male;2;own;little;little;2134;9;car;good
53;44;male;2;rent;quite rich;little;2647;6;radio/TV;good
54;48;male;1;rent;little;little;2241;10;car;good
55;44;male;2;own;moderate;moderate;1804;12;car;good
56;26;male;2;own;moderate;moderate;2069;10;furniture/equipment;good
57;36;male;1;own;little;little;1374;6;furniture/equipment;good
58;39;male;1;own;little;little;426;6;radio/TV;good
59;42;female;2;rent;rich;rich;409;12;radio/TV;good
60;34;male;2;own;little;moderate;2415;7;radio/TV;good
61;63;male;2;own;little;little;6836;60;business;bad
62;36;male;2;own;rich;moderate;1913;18;business;good
63;27;male;2;own;little;little;4020;24;furniture/equipment;good
64;30;male;2;own;moderate;moderate;5866;18;car;good
65;57;male;1;rent;moderate;moderate;1264;12;business;good
66;33;female;3;own;little;rich;1474;12;furniture/equipment;good
67;25;male;1;own;little;moderate;4746;45;radio/TV;bad
68;31;male;2;free;little;moderate;6110;48;education;good
69;37;male;2;own;little;rich;2100;18;radio/TV;bad
70;37;male;2;own;little;rich;1225;10;domestic appliances;good
71;24;male;2;own;little;moderate;458;9;radio/TV;good
72;30;male;3;own;quite rich;quite rich;2333;30;radio/TV;good
73;26;male;2;own;quite rich;moderate;1158;12;radio/TV;good
74;44;male;1;own;little;moderate;6204;18;repairs;good
75;24;male;2;rent;moderate;little;6187;30;car;good
76;58;female;1;free;little;little;6143;48;car;bad
77;35;female;3;own;little;moderate;1393;11;car;good
78;39;male;2;own;quite rich;moderate;2299;36;radio/TV;good
79;23;female;0;rent;quite rich;little;1352;6;car;good
80;39;male;1;own;little;little;7228;11;car;good
81;28;female;2;own;quite rich;moderate;2073;12;radio/TV;good
82;29;male;1;own;little;moderate;2333;24;furniture/equipment;good
83;30;male;3;own;quite rich;little;5965;27;car;good
84;25;male;2;own;little;little;1262;12;radio/TV;good
85;31;male;2;own;moderate;moderate;3378;18;car;good
86;57;male;2;free;moderate;moderate;2225;36;car;bad
87;26;male;1;own;moderate;moderate;783;6;car;good
88;52;male;3;own;moderate;moderate;6468;12;radio/TV;bad
89;31;female;2;own;little;moderate;9566;36;radio/TV;good
90;23;female;3;own;little;rich;1961;18;car;good
91;23;female;1;rent;little;little;6229;36;furniture/equipment;bad
92;27;male;2;own;little;moderate;1391;9;business;good
93;50;male;2;own;little;moderate;1537;15;radio/TV;good
94;61;male;3;free;little;moderate;1953;36;business;bad
95;25;male;2;own;little;moderate;14421;48;business;bad
96;26;female;2;own;little;moderate;3181;24;radio/TV;good
97;48;male;2;own;little;moderate;5190;27;repairs;good
98;29;female;2;own;little;moderate;2171;12;radio/TV;good
99;22;male;2;own;little;moderate;1007;12;car;good
100;37;male;2;free;little;moderate;1819;36;education;bad
101;25;female;2;own;little;moderate;2394;36;radio/TV;good
102;30;female;2;own;little;little;8133;36;car;good
103;46;male;1;rent;little;little;730;7;radio/TV;good
104;51;male;3;free;little;little;1164;8;vacation/others;good
105;41;female;1;own;moderate;moderate;5954;42;business;good
106;40;male;3;own;little;little;1977;36;education;bad
107;66;male;3;free;moderate;little;1526;12;car;good
108;34;male;2;own;little;little;3965;42;radio/TV;bad
109;51;male;2;own;moderate;moderate;4771;11;radio/TV;good
110;39;male;1;own;little;little;9436;54;car;good
111;22;male;2;own;moderate;moderate;3832;30;furniture/equipment;good
112;44;female;2;own;little;little;5943;24;radio/TV;bad
113;47;male;2;own;quite rich;moderate;1213;15;radio/TV;good
114;24;female;1;rent;moderate;little;1568;18;business;good
115;58;female;1;own;little;moderate;1755;24;vacation/others;good
116;52;male;1;own;little;little;2315;10;radio/TV;good
117;29;female;3;own;little;moderate;1412;12;business;good
118;27;female;2;own;little;little;1295;18;furniture/equipment;good
119;47;male;2;free;moderate;moderate;12612;36;education;bad
120;30;male;3;own;moderate;little;2249;18;car;good
121;28;male;2;own;little;moderate;1108;12;repairs;bad
122;56;male;2;own;little;little;618;12;radio/TV;good
123;54;male;2;own;little;moderate;1409;12;car;good
124;33;female;1;own;little;little;797;12;radio/TV;bad
125;20;male;2;rent;little;moderate;3617;24;furniture/equipment;good
126;54;male;2;own;little;little;1318;12;car;good
127;58;male;2;rent;little;moderate;15945;54;business;bad
128;61;female;2;own;little;little;2012;12;education;good
129;34;male;2;own;little;moderate;2622;18;business;good
130;36;male;2;own;little;moderate;2337;36;radio/TV;good
131;36;male;3;rent;little;moderate;7057;20;car;good
132;41;male;1;rent;little;little;1469;24;car;good
133;24;male;2;rent;little;moderate;2323;36;radio/TV;good
134;24;female;2;own;little;little;932;6;radio/TV;good
135;35;male;2;rent;little;moderate;1919;9;furniture/equipment;good
136;26;male;2;rent;little;little;2445;12;car;good
137;39;male;3;own;little;moderate;11938;24;vacation/others;bad
138;39;male;3;own;little;little;6458;18;car;bad
139;32;male;2;own;little;moderate;6078;12;car;good
140;30;female;2;own;little;little;7721;24;furniture/equipment;good
141;35;male;2;own;quite rich;moderate;1410;14;business;good
142;31;male;2;own;moderate;moderate;1449;6;business;good
143;23;female;2;rent;little;rich;392;15;education;good
144;28;male;1;rent;little;moderate;6260;18;car;good
145;25;female;2;own;little;little;7855;36;car;bad
146;35;male;2;own;quite rich;little;1680;12;radio/TV;good
147;47;male;2;own;little;little;3578;48;radio/TV;good
148;30;female;3;own;little;little;7174;42;radio/TV;bad
149;27;female;2;rent;little;little;2132;10;furniture/equipment;good
150;23;female;2;own;quite rich;little;4281;33;furniture/equipment;bad
151;36;male;3;own;quite rich;moderate;2366;12;car;good
152;25;female;2;own;little;little;1835;21;radio/TV;bad
153;41;female;3;rent;little;little;3868;24;car;good
154;24;male;1;rent;little;little;1768;12;furniture/equipment;good
155;63;male;2;free;little;rich;781;10;car;good
156;27;female;2;rent;little;moderate;1924;18;furniture/equipment;bad
157;30;male;2;own;little;little;2121;12;car;good
158;40;male;1;own;little;little;701;12;radio/TV;good
159;30;male;2;own;little;moderate;639;12;repairs;bad
160;34;male;3;own;little;moderate;1860;12;car;good
161;29;female;2;own;little;little;3499;12;car;bad
162;24;female;2;own;little;moderate;8487;48;car;good
163;29;male;2;own;little;little;6887;36;education;bad
164;27;male;1;own;little;little;2708;15;furniture/equipment;good
165;47;male;2;free;little;little;1984;18;furniture/equipment;good
166;21;female;2;own;moderate;little;10144;60;radio/TV;good
167;38;female;2;own;little;little;1240;12;radio/TV;good
168;27;male;2;own;rich;little;8613;27;car;good
169;66;male;1;own;quite rich;moderate;766;12;radio/TV;bad
170;35;male;2;own;little;moderate;2728;15;radio/TV;good
171;44;female;1;rent;little;rich;1881;12;radio/TV;good
172;27;male;0;own;rich;rich;709;6;car;good
173;30;female;3;own;little;moderate;4795;36;radio/TV;good
174;27;male;3;own;little;little;3416;27;radio/TV;good
175;22;male;2;own;little;little;2462;18;furniture/equipment;bad
176;23;female;2;own;little;little;2288;21;furniture/equipment;good
177;30;male;2;own;moderate;moderate;3566;48;business;good
178;39;female;2;own;little;little;860;6;car;good
179;51;female;2;own;moderate;little;682;12;car;good
180;28;male;2;own;little;little;5371;36;furniture/equipment;good
181;46;male;2;own;rich;little;1582;18;radio/TV;good
182;42;male;2;free;moderate;little;1346;6;radio/TV;good
183;38;male;2;own;little;little;1924;10;radio/TV;good
184;24;male;2;own;little;rich;5848;36;radio/TV;good
185;29;female;2;rent;rich;moderate;7758;24;car;good
186;36;male;3;rent;moderate;moderate;6967;24;business;good
187;20;female;2;rent;little;little;1282;12;furniture/equipment;bad
188;48;male;2;own;moderate;little;1288;9;repairs;good
189;45;male;1;own;little;little;339;12;education;good
190;38;male;2;own;moderate;moderate;3512;24;car;good
191;34;male;1;own;little;little;1898;6;radio/TV;good
192;36;male;2;own;moderate;little;2872;24;radio/TV;good
193;30;female;2;own;little;little;1055;18;car;good
194;36;male;2;own;quite rich;little;1262;15;domestic appliances;good
195;70;male;3;free;little;moderate;7308;10;car;good
196;36;male;2;own;quite rich;little;909;36;car;good
197;32;male;2;own;quite rich;little;2978;6;furniture/equipment;good
198;33;female;2;own;little;little;1131;18;furniture/equipment;bad
199;20;female;2;own;rich;moderate;1577;11;furniture/equipment;good
200;25;female;2;rent;little;little;3972;24;furniture/equipment;good
201;31;male;2;own;little;moderate;1935;24;business;bad
202;33;male;2;rent;little;little;950;15;car;bad
203;26;female;2;own;little;little;763;12;furniture/equipment;good
204;34;female;3;own;little;moderate;2064;24;furniture/equipment;bad
205;33;male;2;own;little;moderate;1414;8;radio/TV;good
206;26;male;2;own;little;little;3414;21;education;bad
207;53;female;3;own;little;little;7485;30;car;bad
208;42;male;2;own;little;little;2577;12;furniture/equipment;good
209;52;male;2;own;quite rich;little;338;6;radio/TV;good
210;31;male;3;rent;little;little;1963;12;radio/TV;good
211;65;male;2;own;little;little;571;21;car;good
212;28;male;2;own;little;little;9572;36;business;bad
213;30;male;3;own;little;moderate;4455;36;business;bad
214;40;male;1;own;little;little;1647;21;car;bad
215;50;male;2;own;rich;little;3777;24;furniture/equipment;good
216;36;male;2;own;little;moderate;884;18;car;bad
217;31;male;2;own;little;little;1360;15;radio/TV;good
218;74;female;3;free;little;moderate;5129;9;car;bad
219;68;male;0;free;little;moderate;1175;16;car;good
220;34;male;0;free;little;little;1199;23;gambling;bad
221;36;female;1;rent;little;moderate;1198;15;gambling;bad
222;30;male;1;rent;little;little;1211;10;gambling;bad
223;36;male;0;free;little;moderate;1224;36;gambling;bad
224;70;male;0;rent;little;moderate;1237;6;gambling;bad
225;36;male;1;own;little;little;1250;18;gambling;bad
226;32;male;1;free;moderate;moderate;1263;11;gambling;bad
227;33;male;0;rent;little;little;1276;24;gambling;bad
228;20;male;0;free;little;little;1289;24;gambling;bad
229;25;male;1;rent;little;moderate;1327;15;gambling;bad
230;34;female;0;rent;moderate;little;1343;12;gambling;bad
231;36;male;1;free;moderate;moderate;1359;24;gambling;bad
232;30;male;1;own;little;moderate;1001;8;gambling;bad
233;36;male;2;own;quite rich;moderate;9012;21;gambling;good
234;70;male;0;free;little;moderate;1022;30;gambling;bad
235;36;male;1;free;little;little;1039;12;gambling;bad
236;32;female;1;free;moderate;little;1056;6;gambling;bad
237;33;male;0;rent;little;moderate;1073;12;gambling;bad
238;20;male;0;rent;little;little;1090;21;gambling;bad
239;25;female;1;free;little;moderate;1307;36;gambling;bad
240;31;male;1;rent;little;little;1312;36;gambling;bad
241;33;male;0;own;little;moderate;1317;21;gambling;bad
242;26;female;1;free;moderate;little;1322;39;gambling;bad
243;34;male;1;rent;little;little;1327;27;gambling;bad
244;33;male;0;free;little;moderate;1332;12;gambling;bad
245;26;female;2;rent;quite rich;rich;8422;12;gambling;good
246;53;female;1;rent;little;little;2322;30;gambling;bad
247;42;male;1;free;moderate;little;2344;12;gambling;bad
248;52;male;0;rent;little;little;2366;12;gambling;bad
249;31;female;0;own;little;little;2388;24;gambling;bad
250;65;female;1;free;little;moderate;2410;12;gambling;bad
251;28;female;1;rent;little;moderate;2432;9;gambling;bad
252;30;male;2;own;moderate;little;674;36;radio/TV;bad
253;40;female;2;own;little;moderate;3244;27;furniture/equipment;good
254;50;male;3;own;rich;little;4591;30;business;bad
255;34;male;1;free;moderate;moderate;3844;48;business;bad
256;36;male;2;own;little;moderate;3915;27;business;bad
257;29;male;2;rent;little;little;2108;6;radio/TV;good
258;21;male;2;rent;moderate;moderate;3031;45;radio/TV;bad
259;34;female;3;own;little;moderate;1501;9;education;bad
260;28;female;2;own;little;little;1382;6;radio/TV;good
261;27;female;2;rent;moderate;moderate;951;12;furniture/equipment;bad
262;36;male;2;free;little;moderate;2760;24;car;good
263;40;male;3;own;little;moderate;4297;18;furniture/equipment;bad
264;52;male;2;own;quite rich;little;936;9;education;good
265;27;male;1;own;little;little;1168;12;car;good
266;26;male;2;own;little;little;5117;27;business;good
267;21;male;2;rent;little;little;902;12;education;bad
268;38;male;1;own;little;little;1495;12;car;good
269;38;male;3;free;little;little;10623;30;car;good
270;43;male;2;own;little;little;1935;12;furniture/equipment;good
271;26;male;2;own;little;moderate;1424;12;domestic appliances;good
272;21;male;1;own;little;little;6568;24;business;good
273;55;male;2;own;rich;little;1413;12;car;good
274;33;male;2;own;little;little;3074;9;radio/TV;good
275;45;female;1;own;little;little;3835;36;radio/TV;good
276;50;male;2;own;little;little;5293;27;business;bad
277;66;male;3;own;little;rich;1908;30;business;bad
278;51;male;2;own;little;little;3342;36;radio/TV;good
279;39;female;1;own;little;moderate;932;6;education;good
280;31;male;2;own;little;little;3104;18;business;good
281;23;male;2;own;little;rich;3913;36;radio/TV;good
282;24;male;1;rent;little;little;3021;24;furniture/equipment;good
283;64;female;2;own;little;little;1364;10;car;good
284;26;male;1;own;little;moderate;625;12;radio/TV;good
285;23;female;2;rent;little;little;1200;12;education;good
286;30;male;2;own;little;little;707;12;radio/TV;good
287;32;male;2;own;little;little;2978;24;business;good
288;30;male;2;own;little;little;4657;15;car;good
289;27;male;2;own;little;little;2613;36;repairs;good
290;27;male;2;own;rich;moderate;10961;48;radio/TV;bad
291;53;male;3;free;little;little;7865;12;furniture/equipment;bad
292;22;male;2;own;little;little;1478;9;radio/TV;bad
293;22;male;2;free;little;little;3149;24;furniture/equipment;good
294;26;male;2;own;little;rich;4210;36;radio/TV;bad
295;51;male;1;free;quite rich;little;2507;9;car;good
296;35;male;2;own;moderate;little;2141;12;radio/TV;good
297;25;male;1;own;little;moderate;866;18;radio/TV;good
298;42;male;1;own;little;little;1544;4;radio/TV;good
299;30;male;3;own;little;little;1823;24;radio/TV;bad
300;23;male;0;own;little;moderate;14555;6;car;bad
301;61;male;1;rent;moderate;moderate;2767;21;business;bad
302;35;female;2;own;little;little;1291;12;radio/TV;good
303;39;male;2;own;little;little;2522;30;radio/TV;good
304;29;female;2;own;little;little;915;24;car;bad
305;51;male;2;own;little;little;1595;6;radio/TV;good
306;24;male;2;free;little;little;4605;48;car;bad
307;27;female;2;own;little;little;1185;12;business;good
308;35;female;1;own;quite rich;little;3447;12;education;good
309;25;male;2;own;little;little;1258;24;business;good
310;52;male;2;own;little;little;717;12;radio/TV;good
311;35;male;2;rent;moderate;little;1204;6;car;good
312;26;male;2;own;little;rich;1925;24;furniture/equipment;good
313;22;female;2;rent;little;little;433;18;radio/TV;bad
314;39;female;1;own;rich;little;666;6;car;good
315;46;female;1;own;little;rich;2251;12;furniture/equipment;good
316;24;female;2;own;little;moderate;2150;30;car;bad
317;35;male;2;own;moderate;little;4151;24;furniture/equipment;good
318;24;male;2;own;little;moderate;2030;9;furniture/equipment;good
319;27;male;1;own;little;moderate;7418;60;radio/TV;good
320;35;male;1;own;little;little;2684;24;radio/TV;good
321;29;male;2;free;little;little;2149;12;radio/TV;bad
322;23;female;2;own;moderate;little;3812;15;car;good
323;57;female;1;own;moderate;little;1154;11;radio/TV;good
324;27;male;2;own;little;little;1657;12;furniture/equipment;good
325;55;female;2;own;little;little;1603;24;radio/TV;good
326;36;male;3;free;little;little;5302;18;car;good
327;57;female;1;free;little;little;2748;12;education;good
328;32;male;1;own;little;little;1231;10;car;good
329;37;male;2;own;little;moderate;802;15;radio/TV;bad
330;36;male;2;own;little;little;6304;36;business;good
331;38;female;2;own;little;little;1533;24;radio/TV;good
332;45;male;3;own;little;little;8978;14;car;bad
333;25;male;2;own;little;little;999;24;radio/TV;good
334;32;male;2;own;little;little;2662;18;car;good
335;37;female;2;rent;quite rich;little;1402;12;furniture/equipment;good
336;36;male;3;free;little;moderate;12169;48;car;good
337;28;male;2;own;little;moderate;3060;48;radio/TV;bad
338;34;male;1;own;little;little;11998;30;repairs;bad
339;32;male;2;own;little;little;2697;9;radio/TV;good
340;26;female;2;own;little;little;2404;18;radio/TV;good
341;49;male;1;own;little;little;1262;12;furniture/equipment;good
342;32;female;2;own;little;little;4611;6;furniture/equipment;bad
343;29;male;3;rent;moderate;little;1901;24;radio/TV;good
344;23;male;2;rent;rich;little;3368;15;car;good
345;50;male;2;own;little;little;1574;12;furniture/equipment;good
346;49;male;1;own;little;rich;1445;18;radio/TV;good
347;63;male;2;own;little;little;1520;15;furniture/equipment;good
348;37;male;2;own;moderate;moderate;3878;24;car;good
349;35;female;1;own;little;little;10722;47;car;good
350;26;male;2;own;little;little;4788;48;car;good
351;31;male;3;free;moderate;moderate;7582;48;vacation/others;good
352;49;female;2;own;little;moderate;1092;12;radio/TV;good
353;48;male;2;own;little;little;1024;24;radio/TV;bad
354;26;male;2;own;little;little;1076;12;business;good
355;28;male;3;rent;little;moderate;9398;36;car;bad
356;44;female;3;free;little;little;6419;24;car;good
357;56;male;2;free;little;rich;4796;42;car;good
358;46;male;3;own;little;little;7629;48;business;good
359;26;female;2;own;little;moderate;9960;48;furniture/equipment;bad
360;20;female;2;rent;little;little;4675;12;car;good
361;45;male;1;own;little;little;1287;10;car;good
362;43;male;2;own;little;little;2515;18;furniture/equipment;good
363;32;male;2;own;rich;moderate;2745;21;furniture/equipment;good
364;54;female;0;own;little;little;672;6;car;good
365;42;female;2;own;little;moderate;3804;36;radio/TV;bad
366;37;male;1;own;little;rich;1344;24;car;bad
367;49;male;2;own;little;little;1038;10;car;good
368;44;male;2;free;quite rich;little;10127;48;car;bad
369;33;male;2;own;rich;little;1543;6;furniture/equipment;good
370;24;female;1;rent;little;little;4811;30;car;good
371;33;male;1;own;moderate;little;727;12;radio/TV;bad
372;24;female;2;own;little;moderate;1237;8;furniture/equipment;bad
373;22;male;1;rent;little;moderate;276;9;car;good
374;40;male;0;free;little;moderate;5381;48;vacation/others;good
375;25;male;2;own;moderate;little;5511;24;furniture/equipment;good
376;26;female;2;own;little;rich;3749;24;furniture/equipment;good
377;25;male;1;own;little;moderate;685;12;car;bad
378;29;male;1;own;little;rich;1494;4;car;good
379;31;male;2;own;little;little;2746;36;furniture/equipment;bad
380;38;male;1;own;little;little;708;12;furniture/equipment;good
381;48;female;1;own;little;moderate;4351;24;furniture/equipment;good
382;32;male;2;own;little;little;701;12;education;good
383;45;male;2;own;little;rich;14664;6;furniture/equipment;good
384;47;male;3;own;moderate;moderate;4336;7;furniture/equipment;good
385;49;male;3;rent;little;moderate;8944;8;car;good
386;51;female;2;free;rich;moderate;6666;9;car;good
387;53;female;2;own;moderate;moderate;6532;10;furniture/equipment;good
388;55;male;2;own;moderate;rich;3325;11;furniture/equipment;good
389;57;female;2;own;moderate;rich;3577;12;furniture/equipment;good
390;59;male;2;own;moderate;little;2579;13;education;good
391;61;female;2;own;rich;little;6664;14;furniture/equipment;good
392;63;male;2;own;rich;rich;6664;15;furniture/equipment;good
393;65;male;1;rent;little;rich;4568;16;car;good
394;67;male;1;rent;little;moderate;4585;17;car;good
395;69;female;2;own;rich;rich;4602;18;furniture/equipment;good
396;71;male;1;own;rich;little;4619;19;furniture/equipment;good
397;73;male;0;own;moderate;little;4636;20;furniture/equipment;good
398;42;male;2;own;rich;moderate;4653;21;education;good
399;44;female;2;own;little;little;4670;22;car;good
400;46;male;1;own;little;rich;4687;23;car;good
401;48;male;1;free;moderate;moderate;4704;24;car;good
402;50;male;2;own;little;moderate;4721;25;car;good
403;52;male;1;own;rich;moderate;4738;26;education;good
404;54;female;1;own;moderate;moderate;4755;27;education;good
405;56;male;2;rent;moderate;rich;4772;28;education;good
406;58;female;2;free;moderate;rich;4789;29;car;good
407;60;male;2;free;moderate;little;4806;30;car;good
408;62;male;1;own;rich;little;4823;31;furniture/equipment;good
409;64;male;1;own;rich;rich;4840;32;furniture/equipment;good
410;66;male;2;rent;little;rich;4857;33;furniture/equipment;good
411;68;male;1;own;little;moderate;4874;34;education;good
412;70;male;2;own;moderate;rich;4891;35;car;good
413;72;female;2;own;moderate;little;4908;11;car;good
414;74;male;2;own;moderate;little;4925;13;car;good
415;76;male;1;own;rich;moderate;4942;15;car;good
416;55;female;1;own;rich;little;4959;17;furniture/equipment;good
417;57;male;2;own;rich;rich;4976;19;furniture/equipment;good
418;59;male;1;free;little;moderate;4993;21;furniture/equipment;good
419;61;male;1;own;rich;moderate;5010;23;education;good
420;63;female;2;rent;little;moderate;5027;25;car;good
421;65;male;2;own;little;moderate;5044;27;car;good
422;67;male;2;own;moderate;rich;5061;29;car;good
423;69;female;1;rent;little;rich;5078;31;car;good
424;71;female;1;free;rich;little;5095;33;education;good
425;73;male;2;own;moderate;little;5112;35;education;good
426;42;male;1;own;moderate;rich;5129;37;education;good
427;44;male;2;own;moderate;rich;5146;39;education;good
428;46;female;2;own;moderate;moderate;5163;41;education;good
429;48;female;2;own;rich;rich;5180;43;education;good
430;50;male;1;own;rich;little;5197;45;education;good
431;52;male;1;own;little;little;5214;47;education;good
432;54;male;2;own;little;moderate;5231;49;education;good
433;56;male;1;own;moderate;little;5248;7;education;good
434;58;female;1;own;moderate;rich;5265;8;education;good
435;68;male;2;rent;moderate;moderate;5282;9;education;good
436;70;female;1;free;rich;moderate;5299;10;education;good
437;72;male;1;own;rich;moderate;5316;11;education;good
438;74;male;2;own;rich;moderate;5333;12;education;good
439;76;male;1;own;little;rich;5350;13;education;good
440;55;female;0;own;rich;rich;5367;14;education;good
441;57;male;2;own;little;little;5384;15;education;good
442;59;male;2;own;little;little;4266;16;education;good
443;61;male;1;rent;moderate;rich;5000;17;education;good
444;63;male;1;rent;little;rich;5734;18;education;good
445;65;female;2;own;rich;moderate;6468;19;radio/TV;good
446;55;male;1;own;moderate;rich;7202;20;furniture/equipment;good
447;56;male;1;own;moderate;little;7936;21;car;good
448;57;male;2;own;moderate;little;8670;22;vacation/others;good
449;58;male;2;own;moderate;moderate;9404;23;furniture/equipment;good
450;59;female;3;own;rich;little;10138;24;furniture/equipment;good
451;60;female;3;own;rich;rich;4444;25;car;good
452;61;male;2;rent;little;moderate;4777;26;car;good
453;62;female;2;free;little;moderate;5110;27;radio/TV;bad
454;63;male;2;own;moderate;moderate;5443;28;furniture/equipment;good
455;64;female;2;own;moderate;moderate;5776;29;car;good
456;65;male;2;own;moderate;rich;6109;30;vacation/others;good
457;66;male;2;own;rich;rich;6442;31;furniture/equipment;good
458;67;male;2;own;rich;little;6775;32;radio/TV;bad
459;68;female;1;own;rich;little;7108;33;furniture/equipment;good
460;48;male;1;rent;little;rich;7441;34;car;good
461;51;male;2;own;rich;rich;7774;35;vacation/others;good
462;54;male;1;own;little;moderate;8107;36;furniture/equipment;good
463;57;female;0;rent;little;rich;8440;37;furniture/equipment;good
464;60;male;2;free;moderate;little;8773;38;radio/TV;good
465;63;male;2;own;little;little;9106;39;furniture/equipment;good
466;66;male;1;own;rich;moderate;9439;40;car;good
467;69;male;1;own;moderate;little;9772;41;vacation/others;good
468;72;female;2;own;moderate;rich;10105;42;furniture/equipment;good
469;75;male;1;own;moderate;moderate;10438;43;furniture/equipment;good
470;78;female;1;own;moderate;moderate;10771;44;car;good
471;78;male;2;rent;rich;moderate;11104;45;car;good
472;65;male;2;rent;rich;moderate;3555;46;vacation/others;good
473;66;male;2;own;little;rich;3666;44;furniture/equipment;good
474;67;male;1;own;little;rich;3777;44;furniture/equipment;good
475;68;male;1;own;moderate;little;3888;44;car;bad
476;48;male;2;own;moderate;little;3999;44;car;good
477;51;female;1;own;moderate;rich;4110;44;vacation/others;good
478;54;male;2;own;rich;rich;4221;9;furniture/equipment;good
479;57;male;2;free;rich;moderate;4332;10;radio/TV;good
480;60;female;2;own;rich;rich;4443;11;furniture/equipment;good
481;54;male;1;own;little;little;4554;12;car;good
482;57;male;1;rent;rich;little;4665;13;vacation/others;good
483;60;male;2;free;little;moderate;4776;14;furniture/equipment;good
484;63;female;1;own;little;little;4887;15;furniture/equipment;good
485;66;male;1;own;moderate;rich;4998;16;car;good
486;69;male;2;own;little;moderate;5109;17;car;good
487;72;female;2;own;rich;moderate;5220;18;furniture/equipment;good
488;75;female;2;own;moderate;moderate;5331;19;furniture/equipment;good
489;78;male;1;own;moderate;moderate;5442;20;education;good
490;78;male;1;rent;moderate;rich;5553;21;car;good
491;65;male;2;rent;moderate;rich;5664;22;car;good
492;66;female;1;own;rich;little;5775;23;car;good
493;67;female;2;own;rich;little;5886;24;car;good
494;68;male;2;own;little;rich;5997;25;furniture/equipment;good
495;48;male;2;own;little;rich;6108;26;furniture/equipment;good
496;51;male;1;own;moderate;moderate;6219;27;furniture/equipment;good
497;54;male;1;own;moderate;rich;6330;28;education;good
498;57;female;2;free;moderate;little;6441;29;car;good
499;60;male;1;own;rich;little;6552;30;car;good
500;54;female;1;own;rich;moderate;6663;31;car;good
501;57;male;2;own;rich;little;6774;32;car;bad
502;60;male;1;rent;little;rich;6885;33;education;good
503;63;male;1;free;rich;moderate;6996;34;education;good
504;66;female;2;free;little;moderate;7107;35;education;good
505;69;male;1;own;little;moderate;7218;36;education;good
506;72;male;0;own;moderate;moderate;7329;37;education;good
507;75;male;2;own;little;rich;7440;38;education;good
508;78;male;2;rent;rich;rich;7551;39;furniture/equipment;good
509;78;female;1;free;moderate;little;7662;40;furniture/equipment;good
510;65;male;1;own;moderate;little;7773;41;education;good
511;66;male;2;own;moderate;rich;7884;13;car;good
512;67;male;1;own;moderate;rich;7995;14;car;good
513;68;male;1;own;rich;moderate;8106;15;car;good
514;48;female;2;own;rich;rich;8217;16;car;good
515;51;female;2;own;little;little;8328;17;furniture/equipment;good
516;54;male;3;rent;little;little;8439;18;furniture/equipment;good
517;57;female;3;rent;moderate;moderate;8550;19;furniture/equipment;good
518;60;male;2;own;moderate;little;8661;20;education;bad
519;60;female;2;own;moderate;rich;8772;21;car;good
520;36;male;2;own;rich;moderate;8883;22;car;good
521;33;male;2;own;rich;moderate;8994;23;car;good
522;23;male;2;own;rich;moderate;9105;24;car;good
523;63;female;2;own;little;moderate;9216;25;education;good
524;60;male;2;rent;rich;rich;9327;26;education;good
525;37;male;1;free;little;rich;7222;27;education;good
526;34;male;1;own;little;little;7229;28;education;good
527;36;female;2;own;moderate;little;7236;29;education;good
528;57;male;1;own;little;rich;7243;30;education;good
529;52;male;0;own;rich;rich;7250;32;furniture/equipment;good
530;54;male;2;own;moderate;moderate;7257;34;furniture/equipment;good
531;57;male;2;own;moderate;rich;7264;36;education;good
532;60;female;1;rent;moderate;little;7271;38;car;good
533;63;male;1;rent;moderate;little;7278;40;car;good
534;66;female;2;own;rich;moderate;7285;42;car;good
535;69;male;1;own;rich;little;7292;44;car;good
536;72;male;1;own;little;rich;7299;46;furniture/equipment;good
537;75;male;2;own;little;moderate;7306;48;furniture/equipment;good
538;78;male;2;own;moderate;moderate;7313;50;furniture/equipment;good
539;78;male;2;own;moderate;moderate;7320;52;education;good
540;65;male;1;free;moderate;moderate;7327;30;car;bad
541;66;female;1;own;rich;rich;7334;24;car;good
542;67;male;2;own;rich;rich;7341;24;car;good
543;68;male;1;own;rich;little;7348;18;car;good
544;48;female;2;rent;little;little;7355;18;education;good
545;51;male;2;own;rich;rich;7362;8;education;good
546;54;male;2;own;little;rich;7369;12;education;good
547;57;male;1;rent;little;moderate;7376;24;education;good
548;60;female;1;free;moderate;rich;7383;36;education;good
549;63;male;2;own;little;little;7390;6;education;good
550;60;male;1;own;rich;little;7397;24;furniture/equipment;good
551;37;female;1;own;moderate;moderate;7404;18;furniture/equipment;good
552;34;female;2;own;moderate;little;7411;60;education;good
553;36;male;2;own;moderate;rich;7418;48;car;good
554;57;male;2;own;moderate;moderate;7425;24;car;good
555;52;male;1;rent;rich;moderate;7432;24;car;good
556;39;female;1;rent;rich;moderate;7439;24;furniture/equipment;good
557;43;female;2;own;little;moderate;7446;18;furniture/equipment;good
558;44;male;1;own;little;rich;7453;18;education;good
559;47;male;2;own;moderate;rich;7460;8;car;good
560;34;male;2;own;moderate;little;7467;12;car;good
561;25;male;2;own;moderate;rich;7474;24;car;good
562;41;female;1;own;rich;moderate;7481;36;car;good
563;45;male;1;free;rich;rich;7488;6;furniture/equipment;bad
564;46;female;2;own;rich;little;7495;24;furniture/equipment;bad
565;20;male;1;own;little;little;7502;18;furniture/equipment;bad
566;55;male;2;own;rich;moderate;7509;60;education;good
567;74;male;2;rent;little;little;7516;48;car;good
568;29;female;1;free;little;rich;7523;24;car;good
569;36;male;1;own;moderate;moderate;7530;6;car;good
570;33;male;2;own;little;moderate;7537;24;car;good
571;47;male;1;own;rich;moderate;7544;18;education;good
572;49;male;1;own;moderate;moderate;7551;60;education;good
573;51;female;2;own;moderate;rich;7558;48;education;good
574;53;male;2;own;moderate;rich;7565;24;education;good
575;27;female;1;own;little;little;3643;15;education;good
576;28;male;3;own;little;little;4249;30;education;bad
577;32;male;2;own;little;rich;1938;24;radio/TV;bad
578;34;male;3;free;little;little;2910;24;car;good
579;28;male;2;own;rich;little;2659;18;furniture/equipment;good
580;36;female;2;own;little;little;1028;18;car;good
581;39;male;1;own;little;little;3398;8;car;good
582;49;male;2;rent;little;little;5801;12;furniture/equipment;good
583;34;female;2;own;rich;little;1525;24;car;good
584;31;male;2;own;little;rich;4473;36;radio/TV;good
585;28;male;2;own;little;moderate;1068;6;radio/TV;good
586;75;male;3;free;little;little;6615;24;car;good
587;30;female;2;own;moderate;little;1864;18;education;bad
588;24;female;3;own;moderate;moderate;7408;60;car;bad
589;24;female;1;rent;moderate;little;11590;48;car;bad
590;23;male;2;rent;little;little;4110;24;furniture/equipment;bad
591;44;male;3;rent;little;little;3384;6;furniture/equipment;bad
592;23;female;1;own;little;moderate;2101;13;radio/TV;good
593;24;female;2;rent;little;little;1275;15;domestic appliances;bad
594;28;male;2;own;little;little;4169;24;furniture/equipment;good
595;31;male;1;own;little;moderate;1521;10;furniture/equipment;good
596;24;female;2;free;little;moderate;5743;24;education;good
597;26;female;1;rent;little;little;3599;21;furniture/equipment;good
598;25;male;2;rent;quite rich;moderate;3213;18;radio/TV;good
599;33;male;3;own;little;moderate;4439;18;business;good
600;37;male;1;own;little;rich;3949;10;car;good
601;43;female;1;own;little;little;1459;15;radio/TV;good
602;23;male;2;own;little;moderate;882;13;radio/TV;good
603;23;female;0;rent;quite rich;moderate;3758;24;radio/TV;good
604;34;male;1;own;moderate;little;1743;6;business;good
605;32;male;2;free;rich;moderate;1136;9;education;bad
606;23;female;2;rent;little;little;1236;9;domestic appliances;good
607;29;female;2;own;little;moderate;959;9;furniture/equipment;bad
608;38;male;3;own;little;little;3229;18;car;good
609;28;male;2;rent;little;little;6199;12;radio/TV;bad
610;46;male;2;free;quite rich;little;727;10;education;good
611;23;male;1;own;little;moderate;1246;24;car;bad
612;49;male;2;own;little;little;2331;12;radio/TV;good
613;26;male;3;own;little;little;4463;36;radio/TV;bad
614;28;male;2;own;little;little;776;12;radio/TV;good
615;23;female;2;rent;little;little;2406;30;furniture/equipment;bad
616;61;male;2;free;little;moderate;1239;18;education;good
617;37;male;3;own;little;rich;3399;12;radio/TV;good
618;36;female;2;own;little;rich;2247;12;car;good
619;21;male;2;rent;little;little;1766;6;furniture/equipment;good
620;25;male;0;own;little;little;2473;18;furniture/equipment;bad
621;36;male;2;own;little;little;1542;12;business;good
622;27;male;2;own;little;little;3850;18;car;good
623;22;female;2;rent;little;little;3650;18;furniture/equipment;good
624;42;male;2;own;little;little;3446;36;furniture/equipment;bad
625;40;female;2;rent;little;moderate;3001;18;furniture/equipment;good
626;36;male;2;own;little;little;3079;36;car;good
627;33;male;2;own;little;little;6070;18;radio/TV;good
628;23;female;2;rent;little;little;2146;10;furniture/equipment;good
629;63;male;3;free;little;little;13756;60;car;good
630;60;female;3;free;moderate;moderate;14782;60;vacation/others;bad
631;37;female;2;rent;little;little;7685;48;business;bad
632;34;male;2;own;little;little;2320;18;radio/TV;good
633;36;male;2;free;little;little;846;7;radio/TV;good
634;57;male;3;free;little;moderate;14318;36;car;bad
635;52;female;1;own;moderate;little;362;6;car;good
636;39;male;2;own;little;little;2212;20;furniture/equipment;good
637;38;female;3;free;little;moderate;12976;18;car;bad
638;25;female;2;rent;little;little;1283;22;car;good
639;26;male;2;own;little;rich;1330;12;car;good
640;26;male;1;own;moderate;little;4272;30;business;good
641;25;female;2;own;little;little;2238;18;radio/TV;good
642;21;female;2;rent;little;little;1126;18;radio/TV;good
643;40;male;3;own;little;moderate;7374;18;furniture/equipment;good
644;27;male;2;own;quite rich;moderate;2326;15;business;good
645;27;female;2;own;little;little;1449;9;business;good
646;30;male;3;own;little;little;1820;18;car;good
647;19;female;1;rent;rich;moderate;983;12;furniture/equipment;good
648;39;male;3;free;little;little;3249;36;car;good
649;31;female;2;own;little;little;1957;6;radio/TV;good
650;31;male;3;own;little;little;2406;9;furniture/equipment;good
651;32;male;2;rent;moderate;moderate;11760;39;education;good
652;55;female;3;free;little;little;2578;12;furniture/equipment;good
653;46;male;2;own;little;little;2348;36;furniture/equipment;good
654;46;male;2;rent;little;moderate;1223;12;car;bad
655;43;female;1;own;rich;little;1516;24;radio/TV;good
656;39;male;2;own;little;little;1473;18;radio/TV;good
657;28;male;2;own;little;moderate;1887;18;business;good
658;27;male;2;own;little;little;8648;24;business;bad
659;27;male;1;own;little;little;802;14;car;good
660;43;male;2;own;little;moderate;2899;18;car;good
661;22;male;2;own;little;moderate;2039;24;radio/TV;bad
662;43;male;2;own;little;little;2197;24;car;good
663;27;male;2;own;little;little;1053;15;radio/TV;good
664;26;male;3;own;quite rich;little;3235;24;radio/TV;good
665;28;male;2;own;quite rich;rich;939;12;car;bad
666;20;female;2;own;little;moderate;1967;24;radio/TV;good
667;35;male;3;own;little;little;7253;33;car;good
668;42;male;3;own;little;little;2292;12;business;bad
669;40;male;1;rent;quite rich;little;1597;10;car;good
670;35;female;2;own;little;little;1381;24;car;bad
671;35;male;2;own;little;little;5842;36;car;good
672;33;male;1;own;little;little;2579;12;car;bad
673;23;female;2;rent;little;little;8471;18;education;good
674;31;female;3;own;quite rich;little;2782;21;car;good
675;33;female;2;own;little;moderate;1042;18;car;bad
676;20;female;2;rent;rich;little;3186;15;car;good
677;30;male;2;own;little;moderate;2028;12;car;good
678;47;male;1;own;little;moderate;958;12;car;good
679;34;male;3;own;moderate;little;1591;21;furniture/equipment;good
680;25;female;2;own;little;moderate;2762;12;furniture/equipment;bad
681;21;male;2;rent;little;moderate;2779;18;car;good
682;29;male;2;own;little;little;2743;28;radio/TV;good
683;46;male;2;own;rich;little;1149;18;radio/TV;good
684;20;male;2;own;little;little;1313;9;furniture/equipment;good
685;55;female;0;free;little;little;1190;18;repairs;bad
686;74;male;1;own;little;little;3448;5;business;good
687;29;male;3;own;little;moderate;11328;24;vacation/others;bad
688;36;male;3;free;little;little;1872;6;furniture/equipment;good
689;33;male;2;own;little;little;2058;24;repairs;good
690;25;male;2;own;little;little;2136;9;furniture/equipment;good
691;25;male;2;own;little;moderate;1484;12;radio/TV;bad
692;23;male;1;rent;quite rich;little;660;6;repairs;good
693;37;female;2;own;rich;little;1287;24;car;good
694;65;male;0;own;little;little;3394;42;repairs;good
695;26;female;0;own;little;rich;609;12;business;bad
696;39;male;3;own;little;little;1884;12;car;good
697;30;female;2;own;little;little;1620;12;furniture/equipment;good
698;29;male;2;own;little;moderate;2629;20;vacation/others;good
699;41;male;1;own;little;little;719;12;education;bad
700;30;female;3;own;little;moderate;5096;48;furniture/equipment;bad
701;41;female;1;rent;little;little;1244;9;education;good
702;34;female;2;own;little;little;1842;36;car;bad
703;35;male;2;own;little;moderate;2576;7;radio/TV;good
704;55;female;3;own;little;rich;1424;12;furniture/equipment;good
705;61;male;2;own;rich;moderate;1512;15;repairs;bad
706;30;male;3;own;little;little;11054;36;car;good
707;29;female;2;own;little;little;518;6;radio/TV;good
708;34;male;2;own;little;little;2759;12;furniture/equipment;good
709;35;male;3;own;little;little;2670;24;car;good
710;31;male;2;own;little;little;4817;24;car;bad
711;29;female;3;own;little;little;2679;24;car;good
712;36;male;2;rent;little;little;3905;11;car;good
713;35;male;2;free;little;little;3386;12;car;bad
714;27;female;2;own;little;little;343;6;domestic appliances;good
715;32;male;2;own;little;little;4594;18;radio/TV;good
716;37;male;2;own;little;little;3620;36;furniture/equipment;good
717;36;male;2;own;little;little;1721;15;car;good
718;34;female;3;rent;little;moderate;3017;12;furniture/equipment;good
719;38;male;2;own;little;moderate;754;12;education;good
720;34;male;2;own;little;little;1950;18;business;good
721;63;male;2;own;little;little;2924;24;car;good
722;29;female;1;rent;little;little;1659;24;radio/TV;bad
723;32;male;2;own;little;little;7238;48;radio/TV;good
724;26;female;2;own;little;little;2764;33;business;good
725;35;male;1;own;little;little;4679;24;car;good
726;22;male;2;rent;moderate;moderate;3092;24;radio/TV;bad
727;23;female;2;own;little;little;448;6;education;bad
728;28;male;1;own;little;little;654;9;car;bad
729;36;male;3;own;little;little;1238;6;education;good
730;33;male;2;own;little;moderate;1245;18;radio/TV;bad
731;26;female;2;rent;little;little;3114;18;furniture/equipment;bad
732;24;male;2;own;quite rich;little;2569;39;car;good
733;25;male;2;own;little;rich;5152;24;radio/TV;good
734;39;male;1;own;moderate;moderate;1037;12;business;good
735;44;male;2;own;little;little;1478;15;furniture/equipment;good
736;23;female;1;own;little;moderate;3573;12;radio/TV;good
737;26;male;2;own;little;moderate;1201;24;car;good
738;57;female;2;rent;rich;little;3622;30;furniture/equipment;good
739;30;female;2;own;rich;little;960;15;furniture/equipment;good
740;44;male;2;own;quite rich;little;1163;12;car;good
741;47;male;3;own;little;moderate;1209;6;car;bad
742;52;male;2;own;little;little;3077;12;radio/TV;good
743;62;female;2;free;little;little;3757;24;car;good
744;35;male;1;rent;moderate;little;1418;10;car;good
745;26;male;2;rent;little;little;3518;6;car;good
746;26;male;2;own;little;little;1934;12;radio/TV;good
747;42;female;3;free;little;moderate;8318;27;business;bad
748;27;female;2;own;moderate;little;1237;6;radio/TV;good
749;38;male;2;own;little;moderate;368;6;radio/TV;good
750;39;male;1;rent;little;little;2122;12;car;good
751;20;male;2;own;little;little;2996;24;furniture/equipment;bad
752;29;male;3;rent;moderate;moderate;9034;36;furniture/equipment;bad
753;40;male;2;own;little;little;1585;24;furniture/equipment;good
754;32;male;1;own;little;moderate;1301;18;radio/TV;good
755;28;male;2;own;moderate;rich;1323;6;car;good
756;27;female;2;own;little;little;3123;24;car;bad
757;42;male;2;free;little;little;5493;36;car;good
758;49;male;2;own;moderate;rich;1126;9;radio/TV;good
759;38;male;2;own;moderate;moderate;1216;24;radio/TV;bad
760;24;female;2;rent;little;little;1207;24;car;bad
761;27;male;1;own;little;little;1309;10;car;bad
762;36;male;2;own;quite rich;rich;2360;15;car;good
763;34;male;3;own;moderate;moderate;6850;15;car;bad
764;28;male;2;own;little;little;1413;24;radio/TV;good
765;45;male;3;own;moderate;little;8588;39;car;good
766;26;male;2;own;little;little;759;12;car;bad
767;32;male;3;free;little;little;4686;36;car;good
768;26;male;2;rent;little;rich;2687;15;business;good
769;20;male;2;rent;little;moderate;585;12;radio/TV;good
770;54;male;2;own;little;little;2255;24;car;good
771;37;female;2;own;little;little;609;6;car;good
772;40;male;1;own;little;little;1361;6;car;good
773;23;female;2;rent;little;little;7127;36;furniture/equipment;bad
774;43;male;2;own;moderate;little;1203;6;car;good
775;36;male;2;free;little;little;700;6;radio/TV;good
776;44;male;2;free;little;little;5507;24;repairs;good
777;24;female;2;own;little;little;3190;18;radio/TV;bad
778;53;male;2;free;little;little;7119;48;furniture/equipment;bad
779;23;female;2;own;moderate;little;3488;24;car;good
780;26;female;1;own;little;moderate;1113;18;radio/TV;good
781;30;male;2;own;little;moderate;7966;26;car;good
782;31;female;2;own;moderate;little;1532;15;education;good
783;42;male;1;own;little;little;1503;4;radio/TV;good
784;31;male;2;rent;little;little;2302;36;radio/TV;bad
785;41;male;1;own;little;little;662;6;car;good
786;32;male;2;own;little;moderate;2273;36;education;good
787;28;female;2;rent;moderate;moderate;2631;15;car;bad
788;41;male;2;rent;little;little;1503;12;car;good
789;26;male;2;own;moderate;little;1311;24;radio/TV;good
790;25;male;2;own;little;little;3105;24;radio/TV;good
791;33;male;2;rent;little;rich;2319;21;education;bad
792;75;female;3;own;little;little;1374;6;car;good
793;37;female;2;own;little;moderate;3612;18;furniture/equipment;good
794;42;male;3;free;little;little;7763;48;car;bad
795;45;female;1;own;little;rich;3049;18;furniture/equipment;good
796;23;male;2;rent;little;moderate;1534;12;radio/TV;bad
797;60;male;2;free;little;little;2032;24;car;good
798;31;male;2;own;little;little;6350;30;furniture/equipment;bad
799;34;male;1;own;little;rich;2864;18;furniture/equipment;bad
800;61;male;1;own;little;little;1255;12;car;good
801;43;male;2;free;little;little;1333;24;car;bad
802;37;female;2;own;little;little;2022;24;car;good
803;32;male;2;own;little;little;1552;24;radio/TV;good
804;24;female;1;own;little;little;626;12;radio/TV;bad
805;35;male;2;free;little;little;8858;48;car;good
806;23;female;2;own;little;little;996;12;repairs;good
807;45;male;1;own;quite rich;little;1750;6;radio/TV;good
808;34;male;2;own;little;little;6999;48;radio/TV;bad
809;27;male;2;own;moderate;moderate;1995;12;car;good
810;67;female;3;own;little;moderate;1199;9;education;good
811;22;male;2;own;little;moderate;1331;12;radio/TV;bad
812;28;female;2;own;moderate;moderate;2278;18;car;bad
813;29;female;2;own;little;little;5003;21;car;bad
814;27;male;2;own;little;little;3552;24;furniture/equipment;bad
815;31;male;1;own;little;moderate;1928;18;furniture/equipment;bad
816;49;male;2;free;little;little;2964;24;car;good
817;24;male;1;rent;little;little;1546;24;radio/TV;bad
818;29;female;2;own;little;rich;683;6;radio/TV;good
819;37;male;2;free;little;moderate;12389;36;car;bad
820;37;male;3;own;little;moderate;4712;24;business;good
821;23;female;2;rent;moderate;moderate;1553;24;radio/TV;good
822;36;male;2;own;little;little;1372;12;car;bad
823;34;male;2;own;rich;little;2578;24;radio/TV;good
824;41;male;2;own;little;moderate;3979;48;radio/TV;good
825;31;female;2;own;little;little;6758;48;radio/TV;bad
826;23;female;1;rent;little;little;3234;24;furniture/equipment;bad
827;38;male;2;own;little;little;5954;30;radio/TV;good
828;26;female;3;rent;little;little;5433;24;car;good
829;22;female;1;own;little;little;806;15;business;good
830;27;male;1;own;little;moderate;1082;9;radio/TV;good
831;24;female;2;own;little;little;2788;15;furniture/equipment;good
832;27;female;2;own;little;moderate;2930;12;radio/TV;good
833;33;female;2;own;little;little;1927;24;education;good
834;27;male;2;own;little;moderate;2820;36;car;bad
835;27;male;1;own;little;little;937;24;education;good
836;30;male;2;own;little;moderate;1056;18;car;bad
837;49;male;1;own;little;moderate;3124;12;car;good
838;26;female;2;rent;little;little;1388;9;furniture/equipment;good
839;33;male;1;rent;little;moderate;2384;36;repairs;bad
840;52;female;3;free;little;little;2133;12;car;good
841;20;female;2;rent;little;little;2039;18;furniture/equipment;bad
842;36;male;2;rent;little;little;2799;9;car;good
843;21;male;1;own;little;little;1289;12;furniture/equipment;good
844;47;male;1;own;little;little;1217;18;domestic appliances;bad
845;60;male;2;own;little;little;2246;12;furniture/equipment;bad
846;58;female;1;own;little;little;385;12;radio/TV;good
847;42;female;2;rent;little;moderate;1965;24;car;good
848;36;female;1;own;rich;little;1572;21;business;good
849;20;female;1;rent;little;moderate;2718;24;car;bad
850;40;male;3;own;little;little;1358;24;vacation/others;bad
851;32;female;1;own;moderate;moderate;931;6;car;bad
852;23;female;2;rent;little;little;1442;24;car;bad
853;36;male;1;own;little;moderate;4241;24;business;bad
854;31;male;2;own;little;little;2775;18;car;bad
855;32;male;2;free;little;little;3863;24;business;good
856;45;female;2;own;little;moderate;2329;7;radio/TV;good
857;30;female;2;own;little;moderate;918;9;furniture/equipment;bad
858;34;female;1;free;little;moderate;1837;24;education;bad
859;28;female;3;own;little;little;3349;36;furniture/equipment;bad
860;23;female;2;own;little;rich;1275;10;furniture/equipment;good
861;22;male;2;own;quite rich;little;2828;24;furniture/equipment;good
862;74;male;3;own;little;little;4526;24;business;good
863;50;female;2;free;moderate;moderate;2671;36;radio/TV;bad
864;33;male;2;own;little;little;2051;18;radio/TV;good
865;45;male;2;free;little;little;1300;15;car;good
866;22;female;2;own;moderate;little;741;12;domestic appliances;bad
867;48;female;1;free;moderate;rich;1240;10;car;bad
868;29;female;2;own;rich;little;3357;21;radio/TV;good
869;22;female;2;rent;little;little;3632;24;car;good
870;22;female;2;own;little;little;1808;18;furniture/equipment;bad
871;48;male;3;own;little;moderate;12204;48;business;good
872;27;male;3;free;little;moderate;9157;60;radio/TV;good
873;37;male;2;rent;little;little;3676;6;car;good
874;21;female;2;rent;moderate;moderate;3441;30;furniture/equipment;bad
875;49;male;1;own;little;little;640;12;car;good
876;27;male;2;own;little;moderate;3652;21;business;good
877;32;male;2;own;little;little;1530;18;car;bad
878;38;male;2;own;little;little;3914;48;business;bad
879;22;female;2;rent;little;little;1858;12;furniture/equipment;good
880;65;male;2;free;little;little;2600;18;radio/TV;bad
881;35;male;2;own;little;little;1979;15;radio/TV;good
882;41;male;2;own;little;rich;2116;6;furniture/equipment;good
883;29;male;2;own;moderate;moderate;1437;9;car;bad
884;36;male;2;own;quite rich;little;4042;42;furniture/equipment;good
885;64;male;1;own;little;little;3832;9;education;good
886;28;female;2;own;little;little;3660;24;radio/TV;good
887;44;male;2;own;little;little;1553;18;furniture/equipment;bad
888;23;male;2;own;little;moderate;1444;15;radio/TV;good
889;19;female;2;rent;little;little;1980;9;furniture/equipment;bad
890;25;female;1;own;little;moderate;1355;24;car;bad
891;47;male;2;own;little;little;1393;12;education;good
892;28;female;2;own;quite rich;little;1376;24;radio/TV;good
893;21;male;2;own;little;little;15653;60;radio/TV;good
894;34;female;2;own;little;little;1493;12;radio/TV;good
895;26;male;2;own;little;little;4370;42;radio/TV;bad
896;27;female;0;own;little;little;750;18;education;bad
897;38;male;1;own;little;moderate;1308;15;repairs;good
898;40;male;3;own;moderate;little;4623;15;education;bad
899;33;male;2;own;little;little;1851;24;radio/TV;good
900;32;male;3;own;little;little;1880;18;radio/TV;good
901;27;male;2;rent;little;little;7980;36;business;bad
902;32;male;2;own;little;little;4583;30;furniture/equipment;good
903;26;female;2;own;quite rich;little;1386;12;car;bad
904;38;male;2;free;little;rich;947;24;car;bad
905;40;male;1;rent;little;little;684;12;education;bad
906;50;male;3;free;little;little;7476;48;education;good
907;37;male;1;own;little;moderate;1922;12;furniture/equipment;bad
908;45;male;2;own;little;little;2303;24;car;bad
909;42;male;3;own;moderate;moderate;8086;36;car;bad
910;35;male;2;own;little;little;2346;24;car;good
911;22;male;2;free;little;little;3973;14;car;good
912;41;male;1;own;little;moderate;888;12;car;bad
913;37;male;2;own;little;little;10222;48;radio/TV;good
914;28;female;2;own;little;moderate;4221;30;business;good
915;41;male;2;own;little;moderate;6361;18;furniture/equipment;good
916;23;male;2;rent;little;rich;1297;12;radio/TV;good
917;23;male;2;own;little;little;900;12;car;bad
918;50;male;2;own;little;little;2241;21;furniture/equipment;good
919;35;male;3;own;little;moderate;1050;6;furniture/equipment;good
920;50;female;1;own;little;rich;1047;6;education;good
921;27;male;3;own;little;little;6314;24;vacation/others;good
922;34;male;2;own;rich;moderate;3496;30;furniture/equipment;good
923;27;female;2;own;little;little;3609;48;business;good
924;43;male;2;rent;little;little;4843;12;car;bad
925;47;male;2;own;little;rich;3017;30;radio/TV;good
926;27;male;1;own;moderate;little;4139;24;business;good
927;31;male;2;own;moderate;little;5742;36;business;good
928;42;male;3;own;little;little;10366;60;car;good
929;24;male;2;own;quite rich;little;2080;6;car;good
930;41;male;1;own;quite rich;little;2580;21;business;bad
931;26;female;3;rent;little;little;4530;30;radio/TV;good
932;33;male;2;own;little;little;5150;24;furniture/equipment;good
933;24;male;2;own;moderate;moderate;5595;72;radio/TV;bad
934;64;male;1;rent;little;little;2384;24;radio/TV;good
935;26;female;2;own;little;little;1453;18;radio/TV;good
936;56;female;2;own;little;little;1538;6;education;good
937;37;male;2;free;little;little;2279;12;radio/TV;good
938;33;male;2;own;little;little;1478;15;radio/TV;good
939;47;male;2;free;little;little;5103;24;radio/TV;good
940;31;male;1;own;moderate;moderate;9857;36;business;good
941;34;male;2;free;little;little;6527;60;car;good
942;27;male;2;own;little;rich;1347;10;radio/TV;good
943;30;male;2;free;moderate;moderate;2862;36;car;good
944;35;male;2;own;moderate;little;2753;9;radio/TV;good
945;31;male;2;own;rich;little;3651;12;car;good
946;25;male;2;own;little;little;975;15;furniture/equipment;good
947;25;female;1;own;moderate;moderate;2631;15;repairs;good
948;29;male;2;own;moderate;moderate;2896;24;radio/TV;good
949;44;male;1;own;little;little;4716;6;car;good
950;28;male;2;own;little;little;2284;24;radio/TV;good
951;50;male;2;rent;quite rich;little;1236;6;car;good
952;29;male;2;own;little;moderate;1103;12;radio/TV;good
953;38;female;0;own;little;little;926;12;car;good
954;24;male;2;own;little;little;1800;18;radio/TV;good
955;40;male;3;rent;little;rich;1905;15;education;good
956;29;female;1;rent;quite rich;little;1123;12;furniture/equipment;bad
957;46;male;2;free;little;little;6331;48;car;bad
958;47;female;2;free;moderate;rich;1377;24;radio/TV;good
959;41;male;2;own;moderate;moderate;2503;30;business;good
960;32;female;2;own;little;moderate;2528;27;business;good
961;35;female;2;free;quite rich;little;5324;15;car;good
962;24;male;2;own;moderate;moderate;6560;48;car;bad
963;25;female;2;rent;little;moderate;2969;12;furniture/equipment;bad
964;25;female;2;own;little;moderate;1206;9;radio/TV;good
965;37;male;1;own;little;moderate;2118;9;radio/TV;good
966;32;male;3;own;quite rich;little;629;18;radio/TV;good
967;35;female;2;free;little;little;1198;6;education;bad
968;46;male;3;own;little;little;2476;21;car;good
969;25;male;1;own;little;little;1138;9;radio/TV;good
970;27;male;3;own;little;moderate;14027;60;car;bad
971;63;male;2;own;little;little;7596;30;car;good
972;40;male;2;own;little;little;3077;30;radio/TV;good
973;32;male;3;free;little;little;1505;18;radio/TV;good
974;31;male;2;own;little;rich;3148;24;radio/TV;good
975;31;male;2;own;moderate;moderate;6148;20;car;good
976;34;male;3;own;little;rich;1337;9;radio/TV;bad
977;24;female;2;rent;rich;moderate;433;6;education;bad
978;24;female;1;own;little;little;1228;12;car;bad
979;66;female;1;own;quite rich;moderate;790;9;radio/TV;good
980;21;female;2;rent;little;little;2570;27;car;bad
981;41;female;1;own;rich;little;250;6;car;good
982;47;male;1;own;quite rich;little;1316;15;radio/TV;good
983;25;female;2;rent;little;little;1882;18;radio/TV;bad
984;59;female;2;rent;little;moderate;6416;48;business;bad
985;36;male;2;own;rich;rich;1275;24;business;good
986;33;male;2;own;little;moderate;6403;24;radio/TV;good
987;21;male;1;rent;little;little;1987;24;radio/TV;bad
988;44;female;1;own;little;moderate;760;8;radio/TV;good
989;28;female;2;rent;rich;little;2603;24;car;good
990;37;female;2;own;little;little;3380;4;car;good
991;29;female;0;own;little;moderate;3990;36;domestic appliances;good
992;23;female;3;rent;little;moderate;11560;24;car;bad
993;35;male;1;own;moderate;little;4380;18;car;good
994;45;male;3;own;little;little;6761;6;car;good
995;26;female;1;rent;moderate;moderate;4280;30;business;bad
996;32;male;2;own;moderate;little;2325;24;car;good
997;23;male;1;own;little;moderate;1048;10;radio/TV;good
998;41;male;2;own;little;little;3160;21;radio/TV;good
999;22;male;2;own;quite rich;little;2483;24;furniture/equipment;good
1000;30;male;3;own;little;little;14179;39;furniture/equipment;good
1001;28;male;1;own;little;little;1797;13;business;good
1002;23;female;2;rent;little;little;2511;15;car;good
1003;37;female;1;own;little;little;1274;12;car;bad
1004;26;male;2;own;little;little;5248;21;car;good
1005;33;male;2;own;little;little;3029;15;car;good
1006;49;female;2;own;little;little;428;6;furniture/equipment;good
1007;23;female;1;own;little;little;976;18;car;bad
1008;23;female;1;rent;moderate;moderate;841;12;business;good
1009;25;female;2;own;little;little;5771;30;radio/TV;good
1010;55;male;2;free;rich;little;1555;12;repairs;bad
1011;32;female;2;rent;little;little;1285;24;car;bad
1012;74;male;0;own;little;rich;1299;6;car;good
1013;39;male;2;free;little;rich;1271;15;radio/TV;bad
1014;31;male;2;own;little;little;1393;24;car;good
1015;35;male;2;own;little;little;691;12;car;bad
1016;59;female;2;own;little;little;5045;15;car;good
1017;24;female;2;rent;little;little;2124;18;furniture/equipment;bad
1018;24;male;1;own;little;little;2214;12;radio/TV;good
1019;30;male;3;free;little;little;12680;21;car;bad
1020;27;male;2;own;moderate;little;2463;24;car;good
1021;40;male;1;own;little;moderate;1155;12;radio/TV;good
1022;31;male;1;own;little;little;3108;30;furniture/equipment;bad
1023;31;female;2;rent;little;little;2901;10;car;good
1024;28;male;2;rent;little;moderate;3617;12;furniture/equipment;good
1025;63;male;1;own;little;little;1655;12;radio/TV;good
1026;26;female;2;rent;little;little;2812;24;car;good
1027;25;female;3;own;little;little;8065;36;education;bad
1028;36;male;3;own;little;little;3275;21;car;good
1029;52;male;2;own;moderate;little;2223;24;radio/TV;good
1030;66;male;0;free;quite rich;rich;1480;12;car;good
1031;25;female;2;rent;little;little;1371;24;car;bad
1032;37;male;2;own;little;little;3535;36;car;good
1033;25;female;2;own;little;little;3509;18;radio/TV;good
1034;38;male;3;own;rich;little;5711;36;car;good
1035;67;female;2;own;little;moderate;3872;18;repairs;good
1036;25;male;2;own;little;moderate;4933;39;radio/TV;bad
1037;60;male;2;own;rich;little;1940;24;car;good
1038;31;male;1;own;little;moderate;1410;12;education;good
1039;23;female;1;own;moderate;moderate;836;12;car;bad
1040;60;male;3;own;little;moderate;6468;20;car;good
1041;35;male;1;own;rich;moderate;1941;18;business;good
1042;40;male;2;own;quite rich;little;2675;22;radio/TV;good
1043;38;male;2;own;little;little;2751;48;car;good
1044;50;male;2;free;little;moderate;6224;48;education;bad
1045;27;male;2;own;little;little;5998;40;education;bad
1046;39;female;2;own;little;moderate;1188;21;business;bad
1047;41;male;3;own;little;little;6313;24;car;good
1048;27;male;2;own;little;little;1221;6;furniture/equipment;good
1049;51;male;2;free;little;rich;2892;24;furniture/equipment;good
1050;32;male;2;rent;quite rich;little;3062;24;furniture/equipment;good
1051;22;female;2;rent;moderate;little;2301;9;furniture/equipment;good
1052;51;male;2;free;little;little;7511;18;car;bad
1053;22;female;1;rent;little;little;1258;12;furniture/equipment;good
1054;54;male;2;own;little;little;717;24;car;good
1055;35;male;0;own;little;moderate;1549;9;car;good
1056;54;male;2;free;little;little;1597;24;education;good
1057;48;female;1;rent;little;moderate;1795;18;radio/TV;good
1058;24;female;2;own;little;little;4272;20;furniture/equipment;good
1059;35;male;2;own;little;little;976;12;radio/TV;good
1060;24;female;0;rent;little;moderate;7472;12;car;good
1061;24;male;2;own;little;little;9271;36;car;bad
1062;26;male;1;own;little;moderate;590;6;radio/TV;good
1063;65;male;2;own;little;little;930;12;radio/TV;good
1064;55;male;3;free;little;moderate;9283;42;car;good
1065;26;female;0;rent;little;moderate;1778;15;car;bad
1066;26;male;2;own;little;moderate;907;8;business;good
1067;28;male;1;own;little;moderate;484;6;radio/TV;good
1068;24;male;2;own;little;little;9629;36;car;bad
1069;54;male;2;own;little;little;3051;48;domestic appliances;bad
1070;46;male;2;free;little;little;3931;48;car;bad
1071;54;female;2;rent;little;moderate;7432;36;car;good
1072;62;male;2;own;quite rich;little;1338;6;domestic appliances;good
1073;24;female;2;rent;little;little;1554;6;radio/TV;good
1074;43;male;3;own;little;little;15857;36;vacation/others;good
1075;26;male;2;own;little;little;1345;18;radio/TV;bad
1076;27;male;2;own;little;little;1101;12;car;good
1077;24;male;2;own;little;rich;3016;12;radio/TV;good
1078;41;male;2;own;little;little;2712;36;furniture/equipment;bad
1079;47;male;1;own;little;little;731;8;car;good
1080;35;male;3;own;little;little;3780;18;furniture/equipment;good
1081;30;male;2;own;little;little;1602;21;car;good
1082;33;female;2;rent;little;little;3966;18;car;bad
1083;36;male;2;own;little;little;4165;18;business;bad
1084;47;male;2;free;little;little;8335;36;car;bad
1085;38;male;2;free;little;moderate;6681;48;business;good
1086;44;male;2;own;quite rich;little;2375;24;business;good
1087;23;female;2;rent;little;little;1216;18;car;bad
1088;29;male;2;rent;little;little;11816;45;business;bad
1089;42;female;2;own;little;moderate;5084;24;radio/TV;good
1090;25;female;1;own;little;rich;2327;15;radio/TV;bad
1091;48;male;2;own;little;little;1082;12;car;bad
1092;21;female;2;own;little;little;886;12;radio/TV;good
1093;23;female;1;rent;little;little;601;4;furniture/equipment;good
1094;63;male;2;own;little;little;2957;24;car;good
1095;46;male;2;own;little;little;2611;24;radio/TV;good
1096;29;male;2;own;little;little;5179;36;furniture/equipment;bad
1097;28;male;1;own;little;little;2993;21;car;good
1098;23;female;2;own;little;little;1943;18;repairs;bad
1099;50;male;2;own;little;little;1559;24;business;good
1100;47;male;2;own;little;little;3422;18;furniture/equipment;good
1101;35;male;2;own;little;moderate;3976;21;furniture/equipment;good
1102;68;male;2;rent;little;little;6761;18;car;bad
1103;28;male;2;own;little;little;1249;24;car;good
1104;59;male;2;own;little;little;1364;9;radio/TV;good
1105;57;male;1;own;little;little;709;12;radio/TV;bad
1106;33;male;2;rent;little;little;2235;20;car;bad
1107;43;male;2;own;little;little;4042;24;car;good
1108;35;male;2;free;little;little;1471;15;radio/TV;good
1109;32;male;1;free;little;little;1442;18;car;bad
1110;45;male;2;own;little;little;10875;36;car;good
1111;33;male;2;own;moderate;little;1474;24;car;good
1112;40;female;2;own;little;little;894;10;education;good
1113;28;male;2;free;little;little;3343;15;furniture/equipment;good
1114;29;female;2;own;little;little;3959;15;car;bad
1115;26;male;2;rent;moderate;little;3577;9;car;good
1116;27;male;2;own;rich;little;5804;24;car;good
1117;28;male;2;own;little;little;2169;18;business;bad
1118;35;female;2;own;little;little;2439;24;radio/TV;bad
1119;32;male;1;own;rich;little;4526;27;furniture/equipment;good
1120;25;male;1;rent;little;little;2210;10;furniture/equipment;bad
1121;20;female;2;rent;quite rich;little;2221;15;furniture/equipment;good
1122;27;female;2;own;little;little;2389;18;radio/TV;good
1123;42;male;2;own;little;little;3331;12;furniture/equipment;good
1124;37;male;2;own;little;little;7409;36;business;good
1125;24;female;2;rent;little;little;652;12;furniture/equipment;good
1126;40;female;2;own;quite rich;little;7678;36;furniture/equipment;good
1127;46;male;2;own;little;rich;1343;6;car;good
1128;26;male;2;own;moderate;little;1382;24;business;good
1129;24;female;2;own;little;little;874;15;domestic appliances;good
1130;29;male;1;own;little;little;3590;12;furniture/equipment;good
1131;40;female;2;own;rich;moderate;1322;11;car;good
1132;36;male;3;free;little;little;1940;18;radio/TV;good
1133;28;male;2;own;little;little;3595;36;radio/TV;good
1134;27;male;3;free;little;little;1422;9;car;bad
1135;36;male;2;own;little;little;6742;30;radio/TV;good
1136;38;male;3;own;little;little;7814;24;car;good
1137;48;male;2;free;little;little;9277;24;car;good
1138;36;male;2;own;little;moderate;2181;30;car;good
1139;65;female;0;own;little;little;1098;18;radio/TV;good
1140;43;male;2;own;little;moderate;4057;24;furniture/equipment;bad
1141;53;female;2;own;little;little;795;12;education;bad
1142;34;male;2;own;little;moderate;2825;24;business;good
1143;23;male;2;own;little;moderate;15672;48;business;bad
1144;34;male;3;own;little;little;6614;36;car;good
1145;40;male;2;rent;little;little;7824;28;car;good
1146;43;male;3;own;little;little;2442;27;business;good
1147;46;male;2;own;little;little;1829;15;radio/TV;good
1148;38;male;1;own;little;little;2171;12;car;good
1149;34;male;2;own;little;moderate;5800;36;car;good
1150;29;male;2;own;little;little;1169;18;radio/TV;good
1151;31;male;3;own;little;little;8947;36;car;good
1152;28;female;3;rent;little;little;2606;21;radio/TV;good
1153;35;female;2;own;rich;little;1592;12;furniture/equipment;good
1154;33;female;1;rent;little;little;2186;15;furniture/equipment;good
1155;42;male;2;own;little;little;4153;18;furniture/equipment;bad
1156;43;male;2;rent;little;little;2625;16;car;bad
1157;44;male;2;own;little;little;3485;20;car;good
1158;42;male;2;free;little;little;10477;36;car;good
1159;40;male;2;rent;little;little;1386;15;radio/TV;good
1160;36;male;3;own;little;little;1278;24;radio/TV;good
1161;20;male;3;rent;little;little;1107;12;radio/TV;good
1162;24;male;1;own;little;little;3763;21;car;good
1163;27;male;2;own;little;moderate;3711;36;education;good
1164;46;female;1;own;little;little;3594;15;car;good
1165;33;female;1;own;little;moderate;3195;9;car;good
1166;34;female;2;own;little;little;4454;36;radio/TV;good
1167;25;female;1;own;little;moderate;4736;24;furniture/equipment;bad
1168;25;female;2;own;little;moderate;2991;30;radio/TV;good
1169;28;male;2;own;rich;little;2142;11;business;good
1170;31;male;2;rent;little;little;3161;24;business;bad
1171;32;female;3;own;little;moderate;18424;48;vacation/others;bad
1172;32;male;2;own;moderate;little;2848;10;car;good
1173;68;male;3;own;little;little;14896;6;car;bad
1174;33;male;2;own;moderate;little;2359;24;furniture/equipment;bad
1175;39;male;3;rent;little;little;3345;24;furniture/equipment;bad
1176;28;female;2;own;little;little;1817;18;furniture/equipment;good
1177;37;male;3;own;quite rich;little;12749;48;radio/TV;good
1178;22;female;2;rent;little;little;1366;9;radio/TV;bad
1179;30;male;2;rent;little;moderate;2002;12;car;good
1180;55;male;2;own;little;little;6872;24;furniture/equipment;bad
1181;46;male;2;own;little;little;697;12;car;bad
1182;21;female;2;rent;little;little;1049;18;furniture/equipment;good
1183;39;male;2;free;little;little;10297;48;car;bad
1184;58;male;2;own;little;little;1867;30;radio/TV;good
1185;43;male;1;own;little;little;1344;12;car;good
1186;24;male;1;own;little;little;1747;24;furniture/equipment;good
1187;22;female;2;own;little;moderate;1670;9;radio/TV;bad
1188;30;male;2;own;little;little;1224;9;car;good
1189;42;male;2;own;quite rich;little;522;12;radio/TV;good
1190;23;female;2;own;little;little;1498;12;radio/TV;good
1191;30;male;3;own;moderate;moderate;1919;30;radio/TV;bad
1192;28;female;1;own;little;rich;745;9;radio/TV;bad
1193;30;male;3;rent;little;moderate;2063;6;radio/TV;good
1194;42;male;2;free;little;moderate;6288;60;education;bad
1195;46;male;3;own;little;little;6842;24;car;good
1196;45;male;3;own;little;little;3527;12;car;good
1197;31;male;1;own;little;little;1546;10;car;good
1198;31;male;2;own;little;little;929;24;furniture/equipment;good
1199;42;male;1;own;little;little;1455;4;car;good
1200;46;female;2;rent;little;little;1845;15;furniture/equipment;good
1201;30;female;2;own;quite rich;moderate;8358;48;car;good
1202;30;male;2;free;quite rich;little;3349;24;furniture/equipment;bad
1203;38;male;3;own;little;little;2859;12;car;good
1204;43;male;1;own;little;little;1533;18;furniture/equipment;bad
1205;31;male;2;own;moderate;little;3621;24;radio/TV;bad
1206;40;male;0;own;little;moderate;3590;18;business;good
1207;24;male;2;own;little;little;2145;36;business;bad
1208;28;female;2;rent;quite rich;moderate;4113;24;car;bad
1209;26;female;3;own;little;little;10974;36;furniture/equipment;bad
1210;29;female;2;own;little;little;1893;12;car;good
1211;57;female;3;rent;rich;little;1231;24;radio/TV;good
1212;49;male;1;own;little;rich;3656;30;radio/TV;good
1213;37;male;1;own;little;moderate;1154;9;radio/TV;good
1214;45;male;1;own;little;little;4006;28;car;bad
1215;30;male;2;free;moderate;moderate;3069;24;furniture/equipment;good
1216;30;male;2;rent;little;little;1740;6;radio/TV;good
1217;47;male;2;own;little;moderate;2353;21;car;good
1218;29;male;2;own;little;little;3556;15;car;good
1219;35;male;2;own;quite rich;little;2397;24;radio/TV;bad
1220;22;male;1;own;little;moderate;454;6;repairs;good
1221;26;female;2;own;little;moderate;1715;30;radio/TV;good
1222;23;male;1;own;quite rich;moderate;2520;27;radio/TV;bad
1223;54;female;3;rent;little;little;3568;15;radio/TV;good
1224;29;male;2;rent;little;little;7166;42;radio/TV;good
1225;40;male;1;own;little;little;3939;11;car;good
1226;22;male;2;own;moderate;moderate;1514;15;repairs;good
1227;43;male;1;own;little;little;7393;24;car;good
1228;29;female;0;rent;little;little;1193;24;car;bad
1229;36;male;2;rent;little;little;7297;60;business;bad
1230;33;female;2;own;little;little;2831;30;radio/TV;good
1231;57;female;1;own;quite rich;rich;1258;24;radio/TV;good
1232;64;female;2;own;little;moderate;753;6;radio/TV;good
1233;42;male;2;own;little;moderate;2427;18;business;good
1234;47;male;1;own;little;little;2538;24;car;bad
1235;25;male;2;rent;moderate;moderate;1264;15;car;bad
1236;49;male;2;own;little;moderate;8386;30;furniture/equipment;bad
1237;33;male;3;rent;little;little;4844;48;business;bad
1238;28;female;3;own;moderate;rich;2923;21;car;good
1239;26;male;2;own;little;little;8229;36;car;bad
1240;30;male;1;own;little;little;2028;24;furniture/equipment;good
1241;25;female;2;rent;little;little;1433;15;furniture/equipment;good
1242;33;male;2;own;little;rich;6289;42;business;good
1243;64;female;2;own;moderate;little;1409;13;radio/TV;good
1244;29;male;3;free;little;little;6579;24;car;good
1245;48;male;1;own;little;moderate;1743;24;radio/TV;good
1246;37;male;1;own;little;little;3565;12;education;good
1247;34;male;1;own;moderate;little;1569;15;radio/TV;good
1248;23;male;1;rent;little;little;1936;18;radio/TV;good
1249;30;male;3;own;little;little;3959;36;furniture/equipment;good
1250;50;male;2;own;little;little;2390;12;car;good
1251;31;female;1;own;little;little;1736;12;furniture/equipment;good
1252;40;male;3;own;little;little;3857;30;car;good
1253;38;male;2;own;little;little;804;12;radio/TV;good
1254;23;male;2;free;little;little;1845;45;radio/TV;bad
1255;27;male;2;own;moderate;moderate;4576;45;car;good
